City_ID,City,Country,Lat,Lng,Max Temp,Humidity,Cloudiness,Wind Speed,Current Description
0,Cidreira,BR,-30.1811,-50.2056,78.26,86,100,7.4,overcast clouds
1,Ushuaia,AR,-54.8,-68.3,55.4,58,75,2.3,broken clouds
2,Castro,BR,-24.7911,-50.0119,72.79,79,100,8.46,overcast clouds
3,Cockburn Town,TC,21.4612,-71.1419,78.8,53,40,12.66,scattered clouds
4,Sakaiminato,JP,35.55,133.2333,39.2,75,75,3.44,broken clouds
5,Eugene,US,44.0521,-123.0867,51.01,87,90,8.05,overcast clouds
6,Salalah,OM,17.0151,54.0924,71.6,64,0,3.44,clear sky
7,Kaitangata,NZ,-46.2817,169.8464,56.14,81,100,1.68,overcast clouds
8,Dong Xoai,VN,11.5333,106.9167,70.21,78,24,3.96,few clouds
9,Albany,US,42.6001,-73.9662,19.0,48,100,3.02,overcast clouds
10,Busselton,AU,-33.65,115.3333,63.0,83,0,1.99,clear sky
11,Hermanus,ZA,-34.4187,19.2345,64.99,92,100,3.0,light rain
12,Namibe,AO,-15.1961,12.1522,74.17,74,100,8.59,overcast clouds
13,Cape Town,ZA,-33.9258,18.4232,70.0,88,75,9.22,light rain
14,Matara,LK,5.9485,80.5353,75.15,87,5,5.97,clear sky
15,Rikitea,PF,-23.1203,-134.9692,78.93,64,16,9.13,few clouds
16,Diego De Almagro,CL,-26.3667,-70.05,84.13,16,0,13.71,clear sky
17,Port Elizabeth,ZA,-33.918,25.5701,69.8,83,20,13.8,few clouds
18,Marsabit,KE,2.3284,37.9899,70.65,40,53,9.95,broken clouds
19,Mataura,NZ,-46.1927,168.8643,60.6,66,68,2.13,broken clouds
20,Souillac,MU,-20.5167,57.5167,80.6,78,75,11.5,broken clouds
21,Vardo,NO,70.3705,31.1107,26.6,86,75,12.66,light snow
22,Awjilah,LY,29.1081,21.2869,65.41,26,0,11.63,clear sky
23,Anadyr,RU,64.75,177.4833,5.0,85,90,22.37,heavy snow
24,Salym,RU,60.0625,71.4789,4.75,95,95,4.25,overcast clouds
25,Sangar,RU,63.9242,127.4739,-46.14,77,99,4.97,overcast clouds
26,Karratha,AU,-20.7377,116.8463,86.59,53,98,14.56,overcast clouds
27,Ribeira Brava,PT,32.65,-17.0667,59.0,84,0,1.68,clear sky
28,Georgetown,MY,5.4112,100.3354,78.8,78,20,4.61,few clouds
29,Port Alfred,ZA,-33.5906,26.891,71.01,85,5,5.01,clear sky
30,Bluff,NZ,-46.6,168.3333,57.18,77,57,3.83,broken clouds
31,Hilo,US,19.7297,-155.09,72.0,78,90,8.05,light rain
32,Ponta Delgada,PT,37.7333,-25.6667,63.0,88,75,14.97,broken clouds
33,Tilichiki,RU,60.4667,166.1,-8.48,92,100,19.3,light snow
34,Pochutla,MX,15.7432,-96.4661,89.6,43,1,9.22,clear sky
35,Yar-Sale,RU,66.8333,70.8333,-7.82,91,99,7.23,overcast clouds
36,Olafsvik,IS,64.8945,-23.7142,29.28,96,100,10.83,light snow
37,Les Cayes,HT,18.2,-73.75,80.78,63,4,8.66,clear sky
38,Barrow,US,71.2906,-156.7887,-18.4,69,90,8.05,overcast clouds
39,Kodiak,US,57.79,-152.4072,26.6,54,1,9.51,clear sky
40,Litija,SI,46.0586,14.8225,32.0,91,100,2.33,overcast clouds
41,Ribeira Grande,PT,38.5167,-28.7,64.4,82,75,16.11,broken clouds
42,Marrakesh,MA,31.6315,-8.0083,64.4,52,0,8.05,clear sky
43,Ambovombe,MG,-25.1667,46.0833,79.0,82,5,4.12,clear sky
44,Agua Dulce,MX,18.1333,-94.1333,80.6,69,40,11.5,scattered clouds
45,Bengkulu,ID,-3.8004,102.2655,75.76,87,100,5.46,overcast clouds
46,Santiago,CL,-33.4569,-70.6483,75.2,43,40,4.61,scattered clouds
47,Hobart,AU,-42.8794,147.3294,57.2,82,20,8.05,few clouds
48,Kamenka,RU,51.3223,42.7678,21.99,97,14,8.99,few clouds
49,New Norfolk,AU,-42.7826,147.0587,55.0,65,12,1.7,few clouds
50,Nuuk,GL,64.1835,-51.7216,15.8,79,20,10.36,few clouds
51,Barmer,IN,25.75,71.3833,57.81,32,0,2.91,clear sky
52,Chuy,UY,-33.6971,-53.4616,69.3,85,100,16.82,overcast clouds
53,Pevek,RU,69.7008,170.3133,-26.23,85,100,0.98,overcast clouds
54,Kapaa,US,22.0752,-159.319,75.0,73,40,16.11,scattered clouds
55,Mount Gambier,AU,-37.8333,140.7667,53.6,94,98,4.61,overcast clouds
56,Qasigiannguit,GL,68.8193,-51.1922,8.6,47,75,21.85,broken clouds
57,Korla,CN,41.7597,86.1469,21.07,82,70,1.39,broken clouds
58,Victoria,HK,22.2855,114.1577,64.99,80,18,9.86,few clouds
59,Saint-Augustin,CA,51.226,-58.6502,23.56,92,100,11.68,overcast clouds
60,Buraydah,SA,26.326,43.975,60.8,51,0,3.44,clear sky
61,Butaritari,KI,3.0707,172.7902,80.53,83,9,15.68,light rain
62,Santa Isabel Do Rio Negro,BR,-0.4139,-65.0192,85.98,70,87,3.91,overcast clouds
63,Hami,CN,42.8,93.45,25.03,79,0,7.87,clear sky
64,Itambe,BR,-15.245,-40.6244,81.09,61,52,8.05,broken clouds
65,Baker City,US,44.7749,-117.8344,42.8,49,90,17.27,overcast clouds
66,Saint George,US,37.1041,-113.5841,53.01,61,1,3.51,clear sky
67,Provideniya,RU,64.3833,-173.3,-5.6,89,100,24.0,light snow
68,Mocuba,MZ,-16.8392,36.9856,75.04,97,2,2.77,clear sky
69,Saint-Philippe,RE,-21.3585,55.7679,82.4,65,0,18.41,light rain
70,Lebu,CL,-37.6167,-73.65,61.34,75,0,15.55,clear sky
71,Mar Del Plata,AR,-38.0023,-57.5575,64.4,68,90,17.27,overcast clouds
72,Lorengau,PG,-2.0226,147.2712,82.45,82,96,8.63,overcast clouds
73,Barra Patuca,HN,15.8,-84.2833,81.82,68,84,10.07,broken clouds
74,Alice Springs,AU,-23.7,133.8833,84.0,36,53,1.14,broken clouds
75,Acapulco,MX,16.8634,-99.8901,84.2,70,1,8.05,clear sky
76,Ponta Do Sol,PT,32.6667,-17.1,59.0,73,0,1.99,clear sky
77,Anito,PH,12.4497,125.2886,76.77,85,61,11.83,broken clouds
78,Aswan,EG,24.0934,32.907,60.96,31,0,7.58,clear sky
79,Qui Nhon,VN,13.7667,109.2333,70.74,84,100,8.59,overcast clouds
80,Saint-Louis,SN,16.3333,-15.0,82.33,12,100,8.79,overcast clouds
81,Ararangua,BR,-28.9347,-49.4858,80.49,76,96,5.06,overcast clouds
82,Avarua,CK,-21.2078,-159.775,80.6,83,75,5.75,broken clouds
83,Siay,PH,7.6961,122.8631,75.15,84,97,4.54,overcast clouds
84,Qaanaaq,GL,77.484,-69.3632,-3.44,88,100,0.6,overcast clouds
85,Tuktoyaktuk,CA,69.4541,-133.0374,-27.4,75,75,2.3,broken clouds
86,Hithadhoo,MV,-0.6,73.0833,82.6,76,100,13.04,overcast clouds
87,Chapleau,CA,47.8405,-83.4034,14.0,52,20,9.22,few clouds
88,East London,ZA,-33.0153,27.9116,75.42,84,22,15.08,few clouds
89,Pattoki,PK,31.0167,73.85,51.44,44,0,7.25,clear sky
90,Coahuayana,MX,18.7333,-103.6833,84.2,45,1,6.87,clear sky
91,Bambous Virieux,MU,-20.3428,57.7575,81.0,78,75,11.5,broken clouds
92,Concepcion Del Uruguay,AR,-32.4825,-58.2372,75.0,73,99,3.0,overcast clouds
93,Constitucion,CL,-35.3333,-72.4167,64.49,70,16,9.64,few clouds
94,Guder,ET,8.9667,37.7667,58.77,34,0,5.1,clear sky
95,Maarianhamina,AX,60.0973,19.9348,24.8,80,75,6.91,light snow
96,Westport,US,41.1415,-73.3579,24.01,45,40,5.75,scattered clouds
97,Pisco,PE,-13.7,-76.2167,80.6,54,0,14.97,clear sky
98,Atuona,PF,-9.8,-139.0333,78.33,76,99,18.48,overcast clouds
99,Carnarvon,AU,-24.8667,113.6333,86.0,48,100,16.11,overcast clouds
100,Jamestown,US,42.097,-79.2353,32.0,74,90,11.5,overcast clouds
101,Hualmay,PE,-11.0964,-77.6139,77.2,61,52,14.12,broken clouds
102,Nikolskoye,RU,59.7035,30.7861,24.8,86,90,8.95,overcast clouds
103,Amazar,RU,53.858,120.875,-24.84,81,100,4.0,overcast clouds
104,Flin Flon,CA,54.7682,-101.865,15.8,86,90,2.3,light snow
105,Torbay,CA,47.6666,-52.7314,32.0,100,90,16.11,light snow
106,Borkenes,NO,68.774,16.1739,25.0,95,100,4.0,overcast clouds
107,Vanavara,RU,60.34,102.2797,-38.52,81,31,4.68,scattered clouds
108,Thompson,CA,55.7435,-97.8558,15.8,86,90,4.61,light snow
109,Coquimbo,CL,-29.9533,-71.3436,69.8,78,20,16.11,few clouds
110,Sohag,EG,26.557,31.6948,59.0,51,0,9.22,clear sky
111,Seoul,KR,37.5683,126.9778,42.8,87,75,3.44,light rain
112,Griffith,US,41.5284,-87.4237,32.0,93,90,10.36,snow
113,Vaini,TO,-21.2,-175.2,75.2,88,90,11.5,light rain
114,Longyearbyen,SJ,78.2186,15.6401,-0.4,42,0,14.97,clear sky
115,Nuevo Laredo,MX,27.4763,-99.5164,78.8,19,40,8.05,scattered clouds
116,Necochea,AR,-38.5473,-58.7368,64.0,55,47,4.0,scattered clouds
117,Rawlins,US,41.7911,-107.2387,33.8,47,1,13.8,clear sky
118,San Quintin,MX,30.4833,-115.95,62.67,51,98,3.78,overcast clouds
119,Bredasdorp,ZA,-34.5322,20.0403,64.99,92,100,3.0,light rain
120,Walvis Bay,NA,-22.9575,14.5053,66.0,77,0,3.44,clear sky
121,Sur,OM,22.5667,59.5289,68.95,56,0,4.43,clear sky
122,Upernavik,GL,72.7868,-56.1549,1.87,92,100,9.15,light snow
123,Paka,MY,4.6374,103.4368,78.8,89,100,6.91,overcast clouds
124,Comodoro Rivadavia,AR,-45.8667,-67.5,75.2,43,40,23.02,scattered clouds
125,Tura,IN,25.5198,90.2201,53.15,42,0,2.1,clear sky
126,Sabang,ID,5.8933,95.3214,81.61,76,84,22.26,broken clouds
127,Ostrovnoy,RU,68.0531,39.5131,13.37,94,86,6.4,overcast clouds
128,Ahipara,NZ,-35.1667,173.1667,65.01,66,0,4.05,clear sky
129,Chokurdakh,RU,70.6333,147.9167,-26.61,86,60,11.81,broken clouds
130,Alofi,NU,-19.0595,-169.9187,77.0,88,100,5.75,light rain
131,Richards Bay,ZA,-28.783,32.0377,77.9,89,93,10.71,light rain
132,Dakar,SN,14.6937,-17.4441,75.2,50,0,11.5,clear sky
133,Punta Arenas,CL,-53.15,-70.9167,57.2,54,0,28.77,clear sky
134,Hyeres,FR,43.1167,6.1167,57.2,62,0,9.22,clear sky
135,Teya,RU,60.3778,92.6267,-22.07,81,99,1.81,overcast clouds
136,Bafq,IR,31.6128,55.4107,52.05,38,0,1.19,clear sky
137,Iqaluit,CA,63.7506,-68.5145,-5.8,77,75,3.44,broken clouds
138,Lima,PE,-12.0432,-77.0282,77.0,61,0,11.5,clear sky
139,Hambantota,LK,6.1241,81.1185,77.13,82,54,12.68,broken clouds
140,Airai,TL,-8.9266,125.4092,61.03,100,100,3.74,moderate rain
141,San Patricio,US,28.017,-97.5169,82.4,18,1,17.27,clear sky
142,Sandy Bay,AU,-42.913,147.3532,57.2,82,20,8.05,few clouds
143,Arraial Do Cabo,BR,-22.9661,-42.0278,86.0,58,40,17.27,scattered clouds
144,Emmett,US,43.8735,-116.4993,52.0,41,0,15.01,clear sky
145,Lasa,IT,46.6166,10.7002,34.0,80,0,4.61,clear sky
146,Puerto Penasco,MX,31.3167,-113.5333,64.0,50,13,5.99,few clouds
147,Goderich,CA,43.7501,-81.7165,26.6,68,81,19.57,broken clouds
148,Ilulissat,GL,69.2167,-51.1,8.6,47,40,14.97,scattered clouds
149,Itoman,JP,26.1247,127.6694,60.8,72,40,5.75,scattered clouds
150,Tiksi,RU,71.6872,128.8694,-26.7,86,100,6.8,overcast clouds
151,Khatanga,RU,71.9667,102.5,-42.45,80,36,6.76,scattered clouds
152,Marawi,PH,7.9986,124.2928,73.99,94,100,5.99,overcast clouds
153,Santa Rosalia,MX,27.3167,-112.2833,64.99,43,100,11.16,overcast clouds
154,Aasiaat,GL,68.7098,-52.8699,-0.53,93,99,7.56,overcast clouds
155,Dikson,RU,73.5069,80.5464,-27.29,78,66,8.72,broken clouds
156,Dunedin,NZ,-45.8742,170.5036,61.0,71,100,4.0,overcast clouds
157,Muisne,EC,0.6,-80.0333,80.6,89,75,10.36,broken clouds
158,Novyy Urengoy,RU,66.0833,76.6333,-6.92,91,100,10.45,overcast clouds
159,Mantua,IT,45.1667,10.7833,41.0,93,20,4.61,few clouds
160,Cabo San Lucas,MX,22.8909,-109.9124,78.01,73,90,9.22,overcast clouds
161,Saint Anthony,US,45.0205,-93.218,34.0,74,90,9.22,overcast clouds
162,Sao Gabriel Da Cachoeira,BR,-0.1303,-67.0892,84.45,76,100,0.76,overcast clouds
163,Byron Bay,AU,-28.65,153.6167,71.6,83,75,6.91,broken clouds
164,Leningradskiy,RU,69.3833,178.4167,-21.23,85,96,9.31,overcast clouds
165,Bafra,TR,41.5678,35.9069,54.0,57,30,5.99,scattered clouds
166,Miyako,JP,39.6367,141.9525,24.48,87,80,4.63,broken clouds
167,Da Lat,VN,11.9465,108.4419,55.54,96,100,1.61,overcast clouds
168,Lakeside,US,30.13,-81.7682,73.99,56,75,16.11,broken clouds
169,Meulaboh,ID,4.1363,96.1285,75.92,86,76,3.38,broken clouds
170,Vila Velha,BR,-20.3297,-40.2925,84.2,65,20,20.71,few clouds
171,Beringovskiy,RU,63.05,179.3167,11.34,96,100,25.7,snow
172,Batemans Bay,AU,-35.7167,150.1833,63.0,96,99,1.01,overcast clouds
173,Riyadh,SA,24.6877,46.7219,62.6,29,0,3.44,clear sky
174,Ixtapa,MX,20.7,-105.2,75.2,64,1,8.05,clear sky
175,Limenaria,GR,40.6261,24.5786,57.0,83,100,1.01,overcast clouds
176,Bethel,US,41.3712,-73.414,23.0,49,90,4.07,overcast clouds
177,Geraldton,AU,-28.7667,114.6,68.0,77,0,2.3,clear sky
178,Haines Junction,CA,60.7522,-137.5108,-9.4,77,82,2.21,broken clouds
179,Kahului,US,20.8947,-156.47,73.4,68,20,16.11,few clouds
180,Channel-Port Aux Basques,CA,47.5702,-59.1367,30.87,93,92,13.6,overcast clouds
181,Mount Isa,AU,-20.7333,139.5,80.6,57,100,7.61,overcast clouds
182,Christchurch,NZ,-43.5333,172.6333,62.01,88,7,5.75,clear sky
183,Roald,NO,62.5833,6.1333,28.4,93,40,4.61,light snow
184,Yellowknife,CA,62.456,-114.3525,-5.01,84,75,5.75,broken clouds
185,Delano,US,35.7688,-119.247,59.0,54,1,2.68,clear sky
186,Dasoguz,TM,41.8363,59.9666,39.2,65,7,4.61,clear sky
187,Riosucio,CO,5.4216,-75.7032,84.2,45,20,5.75,few clouds
188,Sal Rei,CV,16.1833,-22.9167,75.2,64,0,14.97,clear sky
189,Isiro,CD,2.7739,27.616,69.91,45,3,2.21,clear sky
190,Escanaba,US,45.7453,-87.0646,30.0,69,40,5.75,scattered clouds
191,Sept-Iles,CA,50.2001,-66.3821,28.99,50,100,3.44,overcast clouds
192,Mawlaik,MM,23.6333,94.4167,56.37,52,37,1.95,scattered clouds
193,Saskylakh,RU,71.9167,114.0833,-30.8,84,63,7.94,broken clouds
194,Linares,CL,-35.85,-71.6,71.62,70,96,6.46,overcast clouds
195,Trairi,BR,-3.2778,-39.2689,82.62,73,30,13.85,scattered clouds
196,Algiers,DZ,36.7525,3.042,57.2,67,75,5.75,broken clouds
197,Arlit,NE,18.7369,7.3853,67.41,20,51,5.73,broken clouds
198,Izhma,RU,65.0083,53.9113,23.18,97,100,9.95,light snow
199,Los Llanos De Aridane,ES,28.6585,-17.9182,66.2,77,20,14.97,few clouds
200,Matias Romero,MX,16.8833,-95.0333,80.62,61,98,14.32,overcast clouds
201,Dillon,US,34.4166,-79.3712,55.4,100,90,10.36,light rain
202,Elko,US,41.0002,-115.5012,36.0,51,1,8.05,clear sky
203,Svetlaya,RU,46.5389,138.3297,3.0,81,100,3.11,overcast clouds
204,Saraland,US,30.8207,-88.0706,75.0,66,20,1.99,few clouds
205,Celestun,MX,20.8667,-90.4,77.97,61,0,10.11,clear sky
206,Jieshi,CN,22.8134,115.8257,59.94,74,0,5.19,clear sky
207,Grindavik,IS,63.8424,-22.4338,30.2,74,0,6.91,clear sky
208,Kholmogory,RU,64.2229,41.656,23.0,93,90,4.47,light snow
209,Kuusamo,FI,65.9667,29.1833,8.6,85,90,4.61,light snow
210,Rock Sound,BS,24.9,-76.2,72.59,72,94,14.58,overcast clouds
211,Daru,PG,-9.0763,143.2092,77.41,88,96,11.68,overcast clouds
212,Dutse,NG,11.7594,9.3392,73.38,20,0,8.12,clear sky
213,Narsaq,GL,60.9167,-46.05,39.2,30,75,18.41,broken clouds
214,Guilin,CN,25.2819,110.2864,55.4,94,90,1.77,mist
215,Tual,ID,-5.6667,132.75,81.45,78,100,15.21,overcast clouds
216,Puerto Ayora,EC,-0.7393,-90.3518,86.0,66,0,16.11,clear sky
217,Linda,US,39.1277,-121.5508,60.8,54,90,5.75,overcast clouds
218,Waipawa,NZ,-41.4122,175.5153,61.0,77,2,17.27,clear sky
219,Verkhniy Fiagdon,RU,42.8333,44.3053,28.4,93,8,4.47,clear sky
220,Faanui,PF,-16.4833,-151.75,81.1,77,100,11.03,overcast clouds
221,Aljezur,PT,37.3191,-8.8033,59.0,100,100,3.0,overcast clouds
222,Atotonilco El Grande,MX,20.2833,-98.6667,70.03,32,0,14.0,clear sky
223,Iwaki,JP,37.05,140.8833,28.99,52,3,2.33,clear sky
224,Tongren,CN,27.7172,109.1853,47.46,90,100,2.28,overcast clouds
225,Safford,US,32.834,-109.7076,59.0,29,1,12.66,clear sky
226,Gladstone,AU,-23.85,151.25,73.4,83,75,6.91,light rain
227,Pundaguitan,PH,6.3711,126.1689,80.06,83,100,16.69,overcast clouds
228,Guia De Isora,ES,28.2115,-16.7795,68.0,36,0,8.16,clear sky
229,Dicabisagan,PH,17.0818,122.4157,71.6,82,90,7.52,overcast clouds
230,Izvestkovyy,RU,48.9833,131.55,-10.71,88,100,1.74,snow
231,Barsovo,RU,61.1667,73.1667,8.6,92,40,2.24,light snow
232,Zemio,CF,5.0314,25.1361,77.65,27,100,3.67,overcast clouds
233,Urumqi,CN,43.801,87.6005,3.2,85,75,2.24,light snow
234,Port Hedland,AU,-20.3167,118.5667,77.0,88,75,16.11,light rain
235,Kiruna,SE,67.8557,20.2251,15.8,92,75,11.5,light snow
236,Norman Wells,CA,65.282,-126.8329,-18.4,69,75,2.3,broken clouds
237,Sfantu Gheorghe,RO,45.8667,25.7833,33.01,86,100,8.01,light snow
238,Kingman,US,35.1894,-114.053,52.0,46,1,9.22,clear sky
239,Hofn,IS,64.2539,-15.2082,26.02,80,0,10.83,clear sky
240,Hasaki,JP,35.7333,140.8333,35.6,60,75,8.05,broken clouds
241,Masvingo,ZW,-20.0637,30.8277,69.58,92,55,6.22,broken clouds
242,Abadan,IR,30.3392,48.3043,53.6,62,0,2.3,clear sky
243,Elizabethton,US,36.3487,-82.2107,48.2,71,90,5.75,overcast clouds
244,Saint-Dizier,FR,48.4167,5.0833,46.4,100,75,5.75,broken clouds
245,Tupi Paulista,BR,-21.3811,-51.5706,80.08,77,99,3.4,moderate rain
246,Petropavlovsk-Kamchatskiy,RU,53.0452,158.6483,14.0,67,54,8.95,broken clouds
247,Xuddur,SO,4.1213,43.8894,74.95,31,0,12.12,clear sky
248,Alta Floresta,BR,-9.8756,-56.0861,87.8,66,40,6.91,moderate rain
249,Mayo,US,38.8876,-76.5119,32.0,93,90,11.5,snow
250,Coihueco,CL,-36.6167,-71.8333,73.4,60,40,9.22,scattered clouds
251,Khorixas,NA,-20.3667,14.9667,66.18,56,0,12.12,clear sky
252,New Philadelphia,US,40.4898,-81.4457,35.01,86,90,8.05,snow
253,Lompoc,US,34.6391,-120.4579,60.01,66,1,4.61,clear sky
254,Hovd,MN,48.0056,91.6419,3.67,88,12,2.17,few clouds
255,Aleksandrov Gay,RU,50.147,48.5704,33.17,93,100,14.88,overcast clouds
256,Jacareacanga,BR,-6.2222,-57.7528,84.99,75,75,3.83,broken clouds
257,Male,MV,4.1748,73.5089,82.4,83,75,11.5,broken clouds
258,Nadym,RU,65.5333,72.5167,-5.31,91,87,6.55,overcast clouds
259,Buala,SB,-8.145,159.5921,81.7,80,100,14.16,overcast clouds
260,Dapaong,TG,10.8639,0.205,81.27,15,0,7.52,clear sky
261,Bontang,ID,0.1333,117.5,76.6,86,89,7.18,overcast clouds
262,Mahebourg,MU,-20.4081,57.7,80.6,78,75,11.5,broken clouds
263,Adrar,MR,20.5022,-10.0711,70.34,20,0,7.07,clear sky
264,Yulara,AU,-25.2406,130.9889,86.0,19,98,11.5,overcast clouds
265,Santa Cruz,BO,-17.8,-63.1667,86.0,65,75,16.11,broken clouds
266,Vasudevanallur,IN,9.2333,77.4167,72.91,74,68,4.9,broken clouds
267,Minot,US,48.2325,-101.2963,19.4,86,90,4.65,overcast clouds
268,High Level,CA,58.5169,-117.136,-2.2,78,90,5.75,overcast clouds
269,Galesong,ID,-5.3166,119.3661,75.2,100,40,4.61,moderate rain
270,Avera,US,33.194,-82.5271,59.0,97,90,5.75,moderate rain
271,Evensk,RU,61.95,159.2333,-9.94,80,100,14.27,overcast clouds
272,Portland,US,45.5234,-122.6762,52.0,91,100,5.75,light rain
273,Kondinskoye,RU,59.6481,67.41,5.14,95,98,4.92,overcast clouds
274,San Ramon,US,37.7799,-121.978,62.6,39,1,9.22,clear sky
275,Maragogi,BR,-9.0122,-35.2225,80.58,72,52,10.07,broken clouds
276,Rio Das Ostras,BR,-22.5269,-41.945,86.0,58,0,13.8,clear sky
277,Hobyo,SO,5.3505,48.5268,75.97,74,0,15.52,clear sky
278,Lithgow,AU,-33.4833,150.15,57.99,43,82,3.29,broken clouds
279,Utete,TZ,-7.986,38.758,73.78,91,100,4.21,overcast clouds
280,Burns Lake,CA,54.2331,-125.7533,21.2,86,100,2.3,overcast clouds
281,Bukama,CD,-9.2,25.85,70.95,91,100,0.16,light rain
282,Sao Joao Do Piaui,BR,-8.3581,-42.2467,89.6,43,100,6.6,overcast clouds
283,Vila Franca Do Campo,PT,37.7167,-25.4333,63.0,88,75,14.97,broken clouds
284,Rockland,US,41.1668,-74.0496,23.0,61,100,2.86,overcast clouds
285,Kamaishi,JP,39.2667,141.8833,26.02,90,84,6.2,broken clouds
286,Ulaanbaatar,MN,47.9077,106.8832,-20.2,63,0,11.18,clear sky
287,Sonipat,IN,28.9833,77.0167,51.8,76,0,3.62,mist
288,Makat,KZ,47.6469,53.3463,27.01,96,69,5.99,broken clouds
289,Omsukchan,RU,62.5333,155.8,-38.96,77,100,6.8,overcast clouds
290,Nouadhibou,MR,20.931,-17.0347,68.0,73,89,16.11,sand
291,Tasiilaq,GL,65.6145,-37.6368,14.0,57,40,3.44,scattered clouds
292,Wewak,PG,-3.5534,143.6268,76.6,91,100,4.38,overcast clouds
293,Nicolas Bravo,MX,18.45,-88.9167,84.2,61,40,10.36,scattered clouds
294,Ust-Ilimsk,RU,58.0006,102.6619,-38.94,79,55,3.13,broken clouds
295,Sarangani,PH,5.4033,125.4636,81.39,76,100,11.41,overcast clouds
296,Masallatah,LY,32.6167,14.0,57.52,68,61,12.84,broken clouds
297,Krumovgrad,BG,41.4667,25.65,57.99,84,100,8.99,overcast clouds
298,Javanrud,IR,34.7961,46.5172,35.04,83,89,3.36,overcast clouds
299,Nueva Germania,PY,-23.9,-56.5667,89.35,60,64,6.53,broken clouds
300,Kungurtug,RU,50.5994,97.5228,-18.56,80,36,1.86,scattered clouds
301,Sao Filipe,CV,14.8961,-24.4956,73.63,70,0,7.36,clear sky
302,Kailua,US,21.4022,-157.7394,75.2,69,75,13.8,broken clouds
303,Soc Trang,VN,9.6033,105.98,75.2,100,20,1.14,few clouds
304,Leipzig,DE,51.342,12.375,27.0,86,0,8.05,clear sky
305,Yeppoon,AU,-23.1333,150.7333,75.2,78,75,6.91,broken clouds
306,Saint-Leu,RE,-21.15,55.2833,82.4,65,0,18.41,clear sky
307,Zabaykalsk,RU,49.6333,117.3167,-24.66,82,0,10.31,clear sky
308,Alsfeld,DE,50.75,9.2667,32.0,91,100,3.0,overcast clouds
309,Kifri,IQ,34.6959,44.9661,50.32,55,0,9.98,clear sky
310,Lahij,YE,13.1667,44.5833,68.14,83,46,5.59,scattered clouds
311,Saldanha,ZA,-33.0117,17.9442,66.81,89,100,10.85,light rain
312,Whitehorse,CA,60.7161,-135.0538,-11.2,77,90,3.44,light snow
313,Along,IN,28.1667,94.7667,47.53,61,0,2.01,clear sky
314,Noumea,NC,-22.2763,166.4572,78.01,94,90,2.3,overcast clouds
315,Severo-Kurilsk,RU,50.6789,156.125,21.81,93,88,42.23,light snow
316,Maxixe,MZ,-23.8597,35.3472,79.74,84,6,7.76,clear sky
317,Bubaque,GW,11.2833,-15.8333,78.91,70,95,11.92,overcast clouds
318,Sembe,CG,1.6481,14.5806,73.78,86,95,2.68,light rain
319,Preobrazheniye,RU,42.9019,133.9064,26.01,97,100,7.67,snow
320,Makakilo City,US,21.3469,-158.0858,75.2,78,75,5.75,broken clouds
321,Basco,PH,20.4487,121.9702,71.94,71,89,18.5,overcast clouds
322,Wajir,KE,1.7471,40.0573,84.22,25,87,10.51,overcast clouds
323,Gazli,UZ,40.1333,63.45,42.82,60,70,3.29,broken clouds
324,Samana,DO,19.2056,-69.3369,82.4,78,75,9.22,broken clouds
325,Ocumare Del Tuy,VE,10.1165,-66.7761,80.6,78,40,7.31,scattered clouds
326,Itarema,BR,-2.9248,-39.9167,83.17,71,0,16.55,clear sky
327,Port Pirie,AU,-33.1833,138.0167,68.0,83,100,10.36,overcast clouds
328,Pareora,NZ,-44.4871,171.2132,64.0,77,80,5.01,broken clouds
329,Aitape,PG,-3.1374,142.3475,77.32,91,100,8.48,heavy intensity rain
330,Kavieng,PG,-2.5744,150.7967,83.12,81,100,10.83,light rain
331,Las Vegas,US,36.175,-115.1372,57.0,33,1,3.87,clear sky
332,Takoradi,GH,4.8845,-1.7554,80.11,84,75,10.74,broken clouds
333,Scarborough,GB,54.2797,-0.4044,37.0,74,100,4.0,overcast clouds
334,Chiredzi,ZW,-21.05,31.6667,75.33,78,2,5.66,clear sky
335,Caravelas,BR,-17.7125,-39.2481,80.82,68,73,8.97,broken clouds
336,Newport,GB,51.5877,-2.9984,37.0,97,100,1.01,overcast clouds
337,Visby,SE,57.6409,18.296,28.99,80,90,9.22,overcast clouds
338,Kruisfontein,ZA,-34.0033,24.7314,73.99,72,33,8.99,scattered clouds
339,Inongo,CD,-1.95,18.2667,75.6,79,7,4.12,clear sky
340,Potchefstroom,ZA,-26.7167,27.1,69.62,80,100,2.77,light rain
341,Monrovia,LR,6.3005,-10.7969,80.6,89,75,10.56,broken clouds
342,Lypova Dolyna,UA,50.5643,33.7979,21.63,97,69,6.58,broken clouds
343,Scottsbluff,US,41.8666,-103.6672,46.4,31,1,13.8,clear sky
344,Verkhoyansk,RU,67.5447,133.385,-46.46,75,100,0.76,overcast clouds
345,Rorvik,NO,64.8621,11.2373,24.8,100,75,8.05,light snow
346,Codrington,AU,-38.2667,141.9667,52.86,85,100,6.02,overcast clouds
347,Broome,US,42.2506,-75.833,26.01,63,100,1.99,overcast clouds
348,Katyuzhanka,UA,50.806,30.1376,17.6,100,39,6.71,mist
349,Beoumi,CI,7.6736,-5.5764,87.8,37,0,4.61,haze
350,Esperance,AU,-33.8667,121.9,57.2,94,16,5.75,few clouds
351,Prata,BR,-19.3072,-48.9242,88.14,48,60,4.9,broken clouds
352,Nassau,US,40.7507,-73.5829,27.0,50,40,5.75,scattered clouds
353,Polis,CY,35.0367,32.4264,51.8,82,20,10.36,few clouds
354,Ust-Kulom,RU,61.6864,53.6902,29.26,97,100,15.43,light snow
355,Gazojak,TM,41.1875,61.4036,39.2,70,0,4.18,clear sky
356,Belmonte,BR,-15.8631,-38.8828,82.4,78,75,6.91,broken clouds
357,Gizo,SB,-8.103,156.8419,84.58,72,100,17.16,overcast clouds
358,Port Blair,IN,11.6667,92.75,79.29,81,29,12.12,scattered clouds
359,Guider,CM,9.9342,13.9486,80.38,16,0,6.58,clear sky
360,Klaeng,TH,12.7797,101.6483,73.0,90,54,1.74,broken clouds
361,Matli,PK,25.0431,68.6557,61.57,89,1,8.72,clear sky
362,Chiriqui Grande,PA,8.95,-82.1167,75.0,43,88,10.0,overcast clouds
363,Bela,IN,25.9333,81.9833,49.46,49,0,1.74,clear sky
364,San Jose,US,37.3394,-121.895,64.99,41,75,12.66,broken clouds
365,Nefteyugansk,RU,61.0998,72.6035,8.6,92,40,2.24,light snow
366,Mercedes,AR,-34.6515,-59.4307,71.01,78,99,5.99,overcast clouds
367,Chimoio,MZ,-19.1164,33.4833,69.91,100,13,3.36,few clouds
368,Qiongshan,CN,20.0058,110.3542,66.2,100,75,4.47,broken clouds
369,Sirajganj,BD,24.45,89.7167,61.54,47,0,5.3,clear sky
370,Coihaique,CL,-45.5752,-72.0662,77.0,29,20,5.75,few clouds
371,Khandyga,RU,62.6667,135.6,-52.24,76,71,1.77,broken clouds
372,Namatanai,PG,-3.6667,152.4333,79.54,72,100,2.51,overcast clouds
373,Palmer,US,42.1584,-72.3287,26.01,49,75,0.76,broken clouds
374,Ginda,IN,30.6945,78.4932,41.11,48,0,6.13,clear sky
375,Guerrero Negro,MX,27.9769,-114.0611,69.48,29,100,3.36,overcast clouds
376,Pitimbu,BR,-7.4706,-34.8086,86.0,66,40,16.11,scattered clouds
377,Te Anau,NZ,-45.4167,167.7167,55.04,79,100,0.83,overcast clouds
378,Saint-Georges,GD,12.0564,-61.7485,84.2,70,40,24.16,scattered clouds
379,Raudeberg,NO,61.9875,5.1352,30.2,93,90,4.61,overcast clouds
380,Galle,LK,6.0367,80.217,75.22,87,3,2.26,clear sky
381,Qinzhou,CN,21.95,108.6167,65.01,82,100,6.06,overcast clouds
382,Berlevag,NO,70.8578,29.0864,28.4,80,75,19.57,light snow
383,Surt,LY,31.2089,16.5887,63.54,70,100,20.22,overcast clouds
384,Acari,PE,-15.4311,-74.6158,82.81,43,1,11.61,clear sky
385,Concepcion Del Oro,MX,24.6333,-101.4167,70.2,22,0,2.93,clear sky
386,Plouzane,FR,48.3833,-4.6167,51.8,93,90,12.66,light rain
387,Salekhard,RU,66.53,66.6019,-20.09,88,100,4.79,overcast clouds
388,Ondjiva,AO,-17.0667,15.7333,69.85,75,100,6.82,overcast clouds
389,Half Moon Bay,US,37.4636,-122.4286,63.0,71,1,6.91,clear sky
390,Clyde River,CA,70.4692,-68.5914,-5.8,71,75,10.36,broken clouds
391,Lahaina,US,20.8783,-156.6825,73.4,68,20,16.11,few clouds
392,Mgandu,TZ,-5.95,34.1333,62.35,96,100,4.99,overcast clouds
393,Tuatapere,NZ,-46.1333,167.6833,58.19,72,11,3.49,few clouds
394,San Cristobal,VE,7.7669,-72.225,93.2,31,20,16.11,few clouds
395,Lashio,MM,22.9333,97.75,48.63,79,0,1.59,clear sky
396,Vostok,RU,46.4856,135.8833,-5.49,92,100,3.76,overcast clouds
397,Nicoya,CR,10.1483,-85.452,89.6,43,0,17.27,clear sky
398,Cartagena Del Chaira,CO,1.3349,-74.8429,93.92,36,75,3.87,broken clouds
399,Darhan,MN,49.4867,105.9228,-19.08,80,1,5.1,clear sky
400,Westerly,US,41.3776,-71.8273,25.0,63,1,4.29,clear sky
401,Sobolevo,RU,54.4299,31.8996,20.93,96,99,13.06,overcast clouds
402,Varzea Grande,BR,-15.6467,-56.1325,87.8,58,75,6.91,heavy intensity rain
403,Shingu,JP,33.7333,135.9833,40.68,70,0,4.92,clear sky
404,Nador,MA,35.174,-2.9287,62.6,72,0,20.71,clear sky
405,Atar,MR,20.5169,-13.0499,73.74,19,88,9.71,overcast clouds
406,Tirumullaivasal,IN,11.2333,79.8333,76.21,82,25,12.95,scattered clouds
407,Klaksvik,FO,62.2266,-6.589,28.4,74,75,6.91,light snow
408,Glenwood Springs,US,39.5505,-107.3248,35.01,59,1,3.44,clear sky
409,Ballina,AU,-28.8667,153.5667,71.6,83,75,6.91,broken clouds
410,Dalbandin,PK,28.8947,64.4101,59.29,34,0,6.58,clear sky
411,Buta,CD,2.7858,24.73,72.07,44,61,1.07,broken clouds
412,Ust-Nera,RU,64.5667,143.2,-33.77,73,99,6.96,overcast clouds
413,Khandbari,NP,27.3747,87.2039,46.6,58,0,2.26,clear sky
414,Aklavik,CA,68.2191,-135.0107,-13.0,77,90,12.66,snow
415,Osakarovka,KZ,50.565,72.5692,17.64,91,68,5.3,broken clouds
416,Bilibino,RU,68.0546,166.4372,-15.0,82,100,7.11,overcast clouds
417,Vao,NC,-22.6667,167.4833,76.12,75,100,23.91,overcast clouds
418,Kawalu,ID,-7.3817,108.2082,71.91,86,100,2.42,overcast clouds
419,Zaozerne,UA,45.1582,33.2787,46.99,69,100,5.99,overcast clouds
420,Panzhihua,CN,26.5851,101.7128,43.0,65,3,0.87,clear sky
421,Scalea,IT,39.813,15.7956,51.01,78,84,3.0,light rain
422,Gorontalo,ID,0.5412,123.0595,74.95,86,100,3.98,overcast clouds
423,Kutum,SD,14.2,24.6667,61.63,28,0,7.09,clear sky
424,Olinda,BR,-8.0089,-34.8553,80.6,65,40,9.22,scattered clouds
425,Grand Gaube,MU,-20.0064,57.6608,81.0,75,66,8.99,broken clouds
426,Candido De Abreu,BR,-24.5669,-51.3333,70.81,94,100,1.77,light rain
427,Sabha,LY,27.0377,14.4283,60.58,27,0,7.36,clear sky
428,Angoche,MZ,-16.2325,39.9086,81.23,76,100,12.21,overcast clouds
429,Ancud,CL,-41.8697,-73.8203,71.6,46,0,6.91,clear sky
430,Iskateley,RU,67.6803,53.1512,7.88,95,71,8.68,broken clouds
431,Ravar,IR,31.2656,56.8055,50.5,44,0,1.59,clear sky
432,Lensk,RU,60.7253,114.9278,-28.5,79,100,9.64,overcast clouds
433,Nakamura,JP,32.9833,132.9333,41.04,83,0,2.51,clear sky
434,Vila,PT,42.0304,-8.1588,52.0,95,100,21.0,overcast clouds
435,Lala,PH,7.9745,123.7458,76.44,81,100,6.46,light rain
436,Livingstonia,MW,-10.606,34.1063,64.98,90,100,3.49,moderate rain
437,Agde,FR,43.3108,3.4758,54.0,82,40,6.91,scattered clouds
438,Cayenne,GF,4.9333,-52.3333,84.2,70,75,12.66,broken clouds
439,Fort Pierce,US,27.4467,-80.3256,78.8,44,75,10.36,broken clouds
440,Shenjiamen,CN,29.9576,122.298,51.64,93,86,9.6,overcast clouds
441,Pavilosta,LV,56.8879,21.1859,32.0,80,90,1.14,overcast clouds
442,Tungor,RU,53.3808,142.9564,-14.71,81,0,17.72,clear sky
443,Batticaloa,LK,7.7102,81.6924,77.63,84,3,7.87,clear sky
444,Vianden,LU,49.935,6.2089,33.01,95,100,1.99,overcast clouds
445,Margate,GB,51.3813,1.3862,39.99,97,100,3.0,overcast clouds
446,Sinjai,ID,-5.1241,120.253,75.63,80,100,4.07,light rain
447,Quatre Cocos,MU,-20.2078,57.7625,81.0,78,75,11.5,broken clouds
448,Mezen,RU,65.8522,44.24,10.13,96,100,5.93,overcast clouds
449,Szob,HU,47.8192,18.8702,32.0,70,54,4.56,broken clouds
450,Urman,RU,54.8831,56.8742,24.28,94,63,6.13,broken clouds
451,Kidal,ML,18.4411,1.4078,69.31,18,0,7.83,clear sky
452,Lagoa,PT,39.05,-27.9833,62.17,85,100,26.78,overcast clouds
453,Nome,US,64.5011,-165.4064,-5.8,59,1,8.05,clear sky
454,Kontagora,NG,10.3999,5.4695,81.05,16,57,5.19,broken clouds
455,Ratnagiri,IN,16.9833,73.3,76.19,53,0,7.56,clear sky
456,Bayangol,RU,50.6977,103.4656,-26.48,78,0,2.55,clear sky
457,Tondano,ID,1.3038,124.9112,75.2,100,40,2.3,scattered clouds
458,Bonnyville,CA,54.2668,-110.735,5.0,56,1,4.61,clear sky
459,Hammerfest,NO,70.6634,23.6821,26.6,80,75,14.97,snow
460,Lincoln,US,40.8,-96.667,30.99,69,90,16.11,overcast clouds
461,Ishigaki,JP,24.3448,124.1572,68.54,71,38,16.96,scattered clouds
462,Edson,CA,53.5835,-116.4356,12.2,85,1,2.3,mist
463,Shemonaikha,KZ,50.6328,81.9056,8.83,89,100,0.76,overcast clouds
464,Rocha,UY,-34.4833,-54.3333,67.68,74,99,12.82,overcast clouds
465,Laguna,US,38.421,-121.4238,63.0,48,1,6.91,clear sky
466,Gweta,BW,-20.1833,25.2333,78.53,66,100,10.47,overcast clouds
467,Padang,ID,-0.9492,100.3543,77.25,75,94,5.19,overcast clouds
468,Sovetskiy,RU,61.3614,63.5842,2.26,94,100,7.54,overcast clouds
469,Ilo,PE,-17.6394,-71.3375,73.58,65,0,9.46,clear sky
470,Correntina,BR,-13.3433,-44.6367,85.59,42,81,1.63,broken clouds
471,Yamada,JP,39.4667,141.95,23.04,91,63,5.39,broken clouds
472,Kieta,PG,-6.2167,155.6333,81.18,79,100,11.63,overcast clouds
473,Mudgee,AU,-32.5943,149.5871,66.99,88,75,4.61,broken clouds
474,Sorong,ID,-0.8833,131.25,80.02,82,100,7.56,overcast clouds
475,Chiang Klang,TH,19.2938,100.8617,68.49,63,100,1.12,overcast clouds
476,Kasongo-Lunda,CD,-6.4667,16.8167,72.1,85,0,0.36,light rain
477,Belaya Gora,RU,68.5333,146.4167,-33.61,83,100,4.12,overcast clouds
478,Balabac,PH,7.9868,117.0645,80.22,78,100,17.54,overcast clouds
479,Holland,US,42.7875,-86.1089,32.0,69,90,12.66,overcast clouds
480,Ndende,GA,-2.4008,11.3581,75.09,93,100,3.85,moderate rain
481,Vuktyl,RU,63.8567,57.3094,20.93,96,100,11.99,overcast clouds
482,Opuwo,NA,-18.0607,13.84,71.56,48,100,12.15,overcast clouds
483,Abu Samrah,SY,35.3029,37.1841,48.04,86,2,7.31,clear sky
484,Sibolga,ID,1.7427,98.7792,74.82,79,99,4.85,overcast clouds
485,Kushima,JP,31.4583,131.2333,41.0,76,12,4.0,few clouds
486,Thoen,TH,17.6129,99.2161,70.66,62,6,1.39,clear sky
487,Masuguru,TZ,-11.3667,38.4167,74.12,94,100,5.01,light rain
488,Port Hardy,CA,50.6996,-127.4199,44.6,93,75,6.91,light rain
489,Tumaco,CO,1.7986,-78.8156,82.78,75,15,8.7,few clouds
490,Canakkale,TR,40.0833,26.8333,59.0,55,0,13.8,clear sky
491,College,US,64.8569,-147.8028,-5.8,77,90,0.45,light snow
492,Roma,US,43.2128,-75.4557,19.99,57,1,5.75,clear sky
493,Terrell,US,32.736,-96.2753,55.99,47,1,17.27,clear sky
494,Lovozero,RU,68.005,35.0117,6.53,94,7,4.92,clear sky
495,Katherine,AU,-14.4667,132.2667,77.0,88,40,7.52,scattered clouds
496,Taltal,CL,-25.4,-70.4833,73.42,57,22,8.99,few clouds
497,Monki,PL,53.405,22.7979,19.99,83,0,10.58,clear sky
498,Porbandar,IN,21.6422,69.6093,64.2,59,0,9.86,clear sky
499,Murray,US,40.6669,-111.888,44.01,56,1,2.82,clear sky
500,Limbe,CM,4.0242,9.2149,82.4,89,20,2.3,few clouds
501,San Luis,AR,-33.295,-66.3356,60.19,77,100,15.08,overcast clouds
502,Igarka,RU,67.4667,86.5833,-16.98,87,100,17.56,light snow
503,Asau,RO,46.4333,26.4,30.0,69,100,3.4,overcast clouds
504,Shimanovsk,RU,52.0,127.7,-32.1,84,0,5.28,clear sky
505,Togur,RU,58.3631,82.8265,-14.89,87,100,6.64,overcast clouds
506,Mattru,SL,7.6244,-11.8332,79.74,72,0,6.02,clear sky
507,Tazovskiy,RU,67.4667,78.7,-11.18,90,100,14.74,light snow
508,Plettenberg Bay,ZA,-34.0527,23.3716,69.85,82,47,15.37,light rain
509,Aichach,DE,48.4576,11.1341,32.0,93,90,6.91,overcast clouds
510,Cherskiy,RU,68.75,161.3,-20.97,80,92,5.12,overcast clouds
511,Ulladulla,AU,-35.35,150.4667,66.2,100,90,1.45,overcast clouds
512,Bethanien,NA,-26.502,17.1583,78.78,17,0,12.01,clear sky
513,Red Bluff,US,40.1785,-122.2358,51.8,76,90,5.75,overcast clouds
514,Shelburne,CA,44.0787,-80.2041,21.2,67,1,9.22,clear sky
515,Soure,BR,-0.7167,-48.5233,82.62,78,19,13.35,few clouds
516,Deputatskiy,RU,69.3,139.9,-33.16,86,96,1.7,overcast clouds
517,Jiuquan,CN,39.7432,98.5174,21.29,72,0,1.83,clear sky
518,Nemuro,JP,43.3236,145.575,18.95,90,0,12.71,clear sky
519,Esfahan,IR,32.6572,51.6776,35.6,27,0,4.61,clear sky
520,Soria,ES,41.6667,-2.6667,48.99,85,27,7.0,scattered clouds
521,Sao Joao Da Barra,BR,-21.6403,-41.0511,86.0,54,0,20.71,clear sky
522,Quimper,FR,48.0,-4.1,51.8,100,90,14.97,overcast clouds
523,Kodinsk,RU,58.6881,99.1844,-38.51,79,14,2.01,few clouds
524,Lixourion,GR,38.2019,20.4314,62.6,88,75,23.02,broken clouds
525,Kargil,IN,34.5667,76.1,5.38,84,100,3.09,light snow
526,Sonqor,IR,34.7837,47.6004,44.6,93,75,9.22,broken clouds
527,Tigil,RU,57.8,158.6667,-2.02,92,100,7.49,overcast clouds
528,Brewster,US,41.3973,-73.6171,24.01,49,90,3.11,overcast clouds
529,San Miguelito,PA,9.0333,-79.5,89.6,55,20,16.11,few clouds
530,Port Augusta,AU,-32.5,137.7667,68.0,83,100,10.36,overcast clouds
531,Aksu,CN,41.1231,80.2644,20.16,76,0,3.8,clear sky
532,Fort Nelson,CA,58.8053,-122.7002,-14.8,76,75,4.61,light snow
533,Talnakh,RU,69.4865,88.3972,-25.2,73,88,9.26,overcast clouds
534,Yarada,IN,17.65,83.2667,77.0,83,75,2.3,mist
535,Pachino,IT,36.7186,15.0907,50.0,87,75,5.75,broken clouds
536,Shiyan,CN,32.6475,110.7781,45.43,61,100,3.09,overcast clouds
537,Luganville,VU,-15.5333,167.1667,78.78,79,100,1.16,overcast clouds
538,Kisangani,CD,0.5167,25.2,74.5,61,95,1.92,overcast clouds
539,Sakakah,SA,29.9697,40.2064,53.6,32,0,4.56,clear sky
540,Divnoye,RU,45.9089,43.3547,43.45,86,100,9.57,overcast clouds
541,Key Largo,US,25.0865,-80.4473,75.99,69,100,7.0,overcast clouds
542,Fort Morgan,US,40.2503,-103.8,48.2,20,1,8.05,clear sky
543,Kemijarvi,FI,66.7131,27.4306,10.18,95,94,4.83,light snow
544,Malakal,SS,9.5334,31.6605,80.76,19,0,7.14,clear sky
545,Doha,QA,25.2867,51.5333,62.6,63,0,8.05,clear sky
546,Woodway,US,31.506,-97.205,60.8,39,1,18.41,clear sky
547,Nanortalik,GL,60.1432,-45.2371,32.05,91,100,7.63,overcast clouds
548,Moura,PT,38.1401,-7.4486,57.2,100,90,13.8,mist
549,Puerto Ayacucho,VE,5.6639,-67.6236,90.03,54,100,5.95,overcast clouds
550,Bacolod,PH,10.6667,122.95,75.65,82,100,14.18,overcast clouds
551,Ahuimanu,US,21.4447,-157.8378,75.2,69,75,13.8,broken clouds
552,Djougou,BJ,9.7085,1.666,79.61,16,12,4.54,few clouds
553,Pervomayskoye,RU,43.919,46.7102,40.3,90,63,2.44,broken clouds
554,Katsuura,JP,35.1333,140.3,41.0,48,75,6.91,broken clouds
555,Flinders,AU,-34.5833,150.8552,68.0,89,89,1.01,overcast clouds
556,Stornoway,GB,58.2093,-6.3865,35.6,75,20,6.91,few clouds
557,Fortuna,US,40.5982,-124.1573,53.01,100,40,23.02,moderate rain
558,Boa Vista,BR,2.8197,-60.6733,93.2,43,75,17.27,broken clouds
559,Champerico,GT,14.3,-91.9167,91.4,52,20,9.22,few clouds
560,Husavik,IS,66.0449,-17.3389,3.2,85,0,4.61,clear sky
561,Ozu,JP,33.5,132.55,43.0,68,0,1.01,clear sky
562,Bardiyah,LY,31.7561,25.0865,64.33,46,0,13.96,clear sky
563,Phan Thiet,VN,10.9333,108.1,70.9,84,100,7.07,overcast clouds
564,Buchanan,LR,5.8808,-10.0467,80.6,89,75,7.45,broken clouds
565,Huaidian,CN,33.4333,115.0333,43.0,63,0,5.44,clear sky
566,Amot,NO,59.5714,7.9877,12.99,91,100,3.06,light snow
567,Santa Maria,BR,-29.6842,-53.8069,78.8,78,75,5.75,broken clouds
568,Nalut,LY,30.3333,10.85,53.42,53,47,12.53,scattered clouds
569,Altay,CN,47.8667,88.1167,15.17,66,90,2.91,overcast clouds
570,Mahibadhoo,MV,3.7833,72.9667,81.68,78,61,11.41,broken clouds
571,Camacha,PT,33.0833,-16.3333,60.8,88,20,6.91,few clouds
572,Bowling Green,US,36.9903,-86.4436,44.6,76,90,10.36,overcast clouds
573,Damietta,EG,31.4165,31.8133,62.6,77,0,6.91,clear sky
574,Giresun,TR,40.5,38.5,46.4,93,0,3.44,clear sky
575,Zhezkazgan,KZ,47.8043,67.7144,16.93,93,29,3.76,scattered clouds
576,Umm Kaddadah,SD,13.6017,26.6876,68.85,21,0,12.24,clear sky
577,Natalio,PY,-26.7167,-55.0833,72.46,98,100,2.59,overcast clouds
578,Dukat,RU,62.55,155.55,-42.39,79,100,5.5,overcast clouds
579,Peniche,PT,39.3558,-9.3811,59.0,100,95,17.0,overcast clouds
580,Santa Maria Del Oro,MX,25.9333,-105.3667,71.08,22,6,5.48,clear sky
581,Corinto,GR,37.9407,22.9573,61.0,77,75,14.97,broken clouds
582,La Ronge,CA,55.1001,-105.2842,15.8,86,89,4.61,overcast clouds
583,Boyolangu,ID,-8.1181,111.8935,75.09,89,100,3.69,light rain
584,Honningsvag,NO,70.9821,25.9704,26.6,86,90,14.97,snow
585,Ilmajoki,FI,62.7333,22.5667,16.0,92,90,2.3,light snow
586,Gasa,PS,31.5,34.4667,57.0,100,0,3.0,clear sky
587,Sarakhs,IR,36.5449,61.1577,44.6,76,0,2.3,clear sky
588,Isangel,VU,-19.55,169.2667,75.2,94,90,16.64,overcast clouds
589,Benoni,ZA,-26.1885,28.3208,64.99,87,91,7.0,light rain
590,Luderitz,NA,-26.6481,15.1594,67.1,69,1,23.64,clear sky
591,Egvekinot,RU,66.3167,-179.1667,-12.42,86,100,17.76,overcast clouds
592,Desaguadero,PE,-16.5656,-69.0417,60.19,46,13,7.83,few clouds
593,Jega,NG,12.2175,4.3792,78.87,16,0,8.46,clear sky
594,Loandjili,CG,-4.7561,11.8578,78.64,79,79,5.66,broken clouds
595,Isahaya,JP,32.8411,130.0431,46.0,75,33,8.99,scattered clouds
596,Mikhaylovskoye,RU,51.8239,79.7172,3.83,94,100,5.73,overcast clouds
597,Suntar,RU,62.1444,117.6319,-43.53,79,54,2.91,broken clouds
598,Bam,IR,29.106,58.357,53.51,43,0,1.9,clear sky
599,Touros,BR,-5.1989,-35.4608,84.2,61,20,17.27,few clouds
600,Whyalla,AU,-33.0333,137.5833,68.0,83,100,10.36,overcast clouds
601,Rundu,NA,-17.9333,19.7667,68.27,91,100,7.52,light rain
602,Ozinki,RU,51.1786,49.6769,24.71,98,100,16.82,overcast clouds
603,Silifke,TR,36.3778,33.9344,54.68,66,46,10.33,scattered clouds
604,Helong,CN,42.5397,128.9972,19.45,92,12,4.94,few clouds
605,Puerto Colombia,CO,10.9878,-74.9547,87.8,55,0,16.11,clear sky
606,Tisul,RU,55.7611,88.3122,-13.54,84,18,5.32,few clouds
607,Bathsheba,BB,13.2167,-59.5167,82.4,61,40,25.32,scattered clouds
608,Aviles,ES,43.5547,-5.9248,60.8,51,75,26.46,broken clouds
609,Praya,CV,14.9215,-23.5087,73.4,64,0,12.66,clear sky
610,Moron,AR,-34.6534,-58.6198,69.01,83,90,13.8,overcast clouds
611,Bairiki,KI,1.3292,172.9752,80.6,83,75,9.22,broken clouds
612,Aras,ES,42.5617,-2.356,57.2,62,0,11.5,clear sky
613,Pappadatai,GR,39.3133,20.7925,60.8,100,100,8.05,overcast clouds
614,Rio Verde De Mato Grosso,BR,-18.9181,-54.8442,85.89,66,100,6.67,overcast clouds
615,Pangnirtung,CA,66.1451,-65.7125,-5.8,84,75,2.98,light snow
616,Tiznit,MA,29.5833,-9.5,65.41,61,0,1.88,clear sky
617,Fairbanks,US,64.8378,-147.7164,-5.8,77,90,0.29,light snow
618,Verkhnevilyuysk,RU,63.4453,120.3167,-50.06,75,70,4.45,broken clouds
619,Vicosa Do Ceara,BR,-3.5622,-41.0922,80.85,67,61,3.33,light rain
620,Salinopolis,BR,-0.6136,-47.3561,82.8,73,13,12.19,few clouds
621,Linqing,CN,36.8456,115.7117,43.03,48,72,7.87,broken clouds
622,Bozeman,US,45.6796,-111.0386,37.99,51,1,3.44,clear sky
623,Falun,SE,60.6036,15.626,12.2,92,96,8.05,overcast clouds
624,Pilar,BR,-9.5972,-35.9567,82.4,74,75,12.66,broken clouds
625,Warrnambool,AU,-38.3833,142.4833,50.0,95,53,6.87,broken clouds
626,Troitsko-Pechorsk,RU,62.7084,56.1964,24.58,97,100,13.02,light snow
627,Dingle,PH,10.9995,122.6711,72.41,90,88,8.9,overcast clouds
628,Voi,KE,-3.3945,38.563,71.53,84,100,3.96,overcast clouds
629,At-Bashi,KG,41.1702,75.8106,20.19,76,100,1.39,overcast clouds
630,Baherden,TM,38.4362,57.4316,49.42,55,0,4.25,clear sky
631,Lazaro Cardenas,MX,17.9583,-102.2,83.01,64,2,8.95,clear sky
632,Labuhan,ID,-6.8844,112.2051,77.77,82,100,14.27,overcast clouds
633,Biak,ID,-0.9131,122.8766,76.42,80,100,4.45,overcast clouds
634,Puerto Cabezas,NI,14.0351,-83.3888,82.4,89,75,6.91,light intensity drizzle
635,Masiga,PH,13.3607,121.8278,73.99,86,68,4.0,broken clouds
636,Jumla,NP,29.2747,82.1838,32.76,70,0,3.27,clear sky
637,Agueda,PT,40.5772,-8.4444,57.99,93,60,1.01,broken clouds
638,Natal,BR,-5.795,-35.2094,86.0,62,40,18.41,scattered clouds
639,Kalispell,US,48.1958,-114.3129,35.01,75,90,0.34,overcast clouds
640,Oranjemund,NA,-28.55,16.4333,65.17,87,8,7.9,clear sky
641,Vostochnyy,RU,55.8167,37.8667,26.6,80,75,20.13,broken clouds
642,Vallenar,CL,-28.5708,-70.7581,85.89,26,0,12.84,clear sky
643,Bud,US,39.447,-86.1758,35.01,98,100,4.03,snow
644,Akropong,GH,5.9746,-0.0854,82.4,89,0,13.8,clear sky
645,Russell,US,32.3502,-85.1999,64.4,88,90,4.61,light rain
646,Savannah Bight,HN,16.45,-85.85,84.2,65,40,6.91,scattered clouds
647,Pelotas,BR,-31.7719,-52.3425,82.4,69,75,11.5,broken clouds
648,Lavrentiya,RU,65.5833,-171.0,-8.07,85,100,14.88,overcast clouds
649,Aykhal,RU,66.0,111.5,-40.02,79,100,9.73,overcast clouds
650,Pontianak,ID,-0.0333,109.3333,75.2,100,90,1.14,overcast clouds
651,Arrecife,ES,28.963,-13.5477,66.2,72,20,33.38,few clouds
652,Ayna,PE,-12.65,-73.9167,73.24,50,35,5.79,scattered clouds
653,Jabinyanah,TN,35.035,10.9081,59.0,44,40,11.5,scattered clouds
654,Shambu,ET,9.5667,37.1,57.67,40,0,1.03,clear sky
655,Chemal,RU,51.4111,86.005,16.88,86,35,6.04,scattered clouds
656,Mogok,MM,22.9167,96.5,53.35,65,29,1.63,scattered clouds
657,Humboldt,US,40.6665,-123.9178,53.01,100,40,23.02,moderate rain
658,Khani,GE,41.9563,42.9566,44.6,76,75,2.3,broken clouds
659,Luebo,CD,-5.35,21.4167,72.3,93,100,1.43,overcast clouds
660,Hamilton,US,39.1834,-84.5333,39.2,93,90,4.16,moderate rain
661,Neiafu,TO,-18.65,-173.9833,78.8,83,75,17.27,light rain
662,Tambopata,PE,-12.7333,-69.1833,91.4,58,40,5.75,scattered clouds
663,Policoro,IT,40.2115,16.6726,53.01,82,20,5.75,few clouds
664,Harnosand,SE,62.6323,17.9379,12.99,92,90,5.75,overcast clouds
665,Bermeo,ES,43.4209,-2.7215,53.01,100,20,6.91,few clouds
666,Pitea,SE,65.3172,21.4794,15.8,92,90,5.75,light snow
667,Zuwarah,LY,32.9312,12.082,58.77,56,66,2.04,broken clouds
668,Makaha,US,21.4694,-158.2175,75.2,94,40,4.61,scattered clouds
669,Balikpapan,ID,-1.2675,116.8289,73.74,91,99,5.28,overcast clouds
670,Paraiso,CR,9.8383,-83.8656,84.2,57,20,14.97,few clouds
671,Eureka,US,40.8021,-124.1637,54.0,82,90,9.22,overcast clouds
672,Veranopolis,BR,-28.9361,-51.5494,73.0,82,100,1.99,light rain
673,Uglovka,RU,58.2392,33.5108,17.19,97,80,7.58,broken clouds
674,Saurimo,AO,-9.6608,20.3916,67.03,92,100,3.38,overcast clouds
675,Henties Bay,NA,-22.116,14.2845,66.0,83,65,7.14,broken clouds
676,Sevlievo,BG,43.0258,25.1136,50.0,71,100,8.05,overcast clouds
677,Srednekolymsk,RU,67.45,153.6833,-24.57,86,100,5.64,light snow
678,Taian,CN,36.1853,117.12,38.41,63,18,3.8,few clouds
679,Puteyets,RU,65.1716,57.091,16.43,96,100,11.63,light snow
680,Rovaniemi,FI,66.5,25.7167,10.4,85,90,8.05,light snow
681,Mumbwa,ZM,-14.9783,27.0619,68.11,93,100,2.95,light rain
682,Turiacu,BR,-1.6633,-45.3717,83.26,72,60,7.63,broken clouds
683,Maun,BW,-19.9833,23.4167,71.6,100,75,3.44,broken clouds
684,Ambon,ID,-3.6954,128.1814,81.82,79,100,14.45,overcast clouds
685,Karasburg,NA,-28.0167,18.75,75.27,35,0,18.68,clear sky
686,Wukari,NG,7.85,9.7833,83.05,15,1,2.91,clear sky
687,Sinnamary,GF,5.3833,-52.95,79.47,77,32,14.92,scattered clouds
688,Beloha,MG,-25.1667,45.05,77.95,78,49,3.58,scattered clouds
689,Loa Janan,ID,-0.583,117.095,72.61,98,100,2.66,overcast clouds
690,Gigmoto,PH,13.7796,124.39,76.33,83,97,13.96,overcast clouds
691,Jawhar,SO,2.7809,45.5005,72.21,79,0,15.9,clear sky
692,Maracaibo,VE,10.6317,-71.6406,87.08,54,39,8.3,scattered clouds
693,Kuah,MY,6.3265,99.8432,80.6,69,20,2.3,few clouds
694,Nakusp,CA,50.2499,-117.8023,34.0,93,100,1.14,overcast clouds
695,Sokoto,NG,13.0609,5.239,76.3,17,0,7.76,clear sky
696,Brae,GB,60.3964,-1.353,32.0,80,0,11.5,clear sky
697,Komsomolskiy,UZ,40.4272,71.7189,39.2,60,100,2.3,mist
698,Quelimane,MZ,-17.8786,36.8883,79.11,87,0,4.85,clear sky
699,Aripuana,BR,-9.1667,-60.6333,89.69,56,49,2.28,light rain
